<application>
  <component name="FileTypeManager" version="19">
    <extensionMap>
      <mapping pattern="poc_92578" type="AUTO_DETECTED" />
      <mapping pattern="Dockerfile" type="AUTO_DETECTED" />
      <mapping ext="ps1" type="PLAIN_TEXT" />
      <mapping ext="org" type="PLAIN_TEXT" />
      <removed_mapping ext="apk" approved="true" type="ARCHIVE" />
      <removed_mapping ext="log" approved="true" type="PLAIN_TEXT" />
      <removed_mapping ext="psd" approved="true" type="Image" />
      <removed_mapping ext="qrc" approved="true" type="XML" />
      <removed_mapping pattern="Dockerfile" approved="true" type="Dockerfile" />
    </extensionMap>
  </component>
</application>