<application>
  <component name="Translation.Cache">
    <option name="lastTrimTime" value="1713235476138" />
  </component>
  <component name="Translation.Settings">
    <option name="primaryLanguage" value="CHINESE" />
    <option name="translator" value="YOUDAO" />
    <option name="youdaoTranslateSettings">
      <youdao-translate>
        <option name="appId" value="3408ba8d53015094" />
      </youdao-translate>
    </option>
  </component>
  <component name="Translation.States">
    <option name="translationDialogHeight" value="455" />
    <option name="translationDialogLocationX" value="1618" />
    <option name="translationDialogLocationY" value="953" />
    <option name="translationDialogWidth" value="910" />
    <histories>
      <item value="ref" />
      <item value="base command" />
      <item value="base command " />
      <item value="base " />
      <item value="Unformat" />
      <item value="command Unformat" />
      <item value="Un Format" />
      <item value="To Format" />
      <item value="str To Format" />
      <item value="Constraints" />
      <item value="params" />
      <item value="test buildin" />
      <item value="translation failed" />
      <item value="Technology" />
      <item value="trans" />
      <item value="translater" />
      <item value="top ports" />
      <item value="reverse" />
      <item value="reverse shell" />
      <item value="absolute" />
      <item value="colorize" />
      <item value="threads" />
      <item value="Shellcode" />
      <item value="Target Discovery" />
      <item value="catch" />
      <item value="blocking" />
      <item value="cancelled" />
      <item value="cancelled by user" />
      <item value="status" />
      <item value="matrix" />
      <item value="count running tasks" />
      <item value="cancel" />
      <item value="canceled" />
      <item value="scan task" />
      <item value="extra" />
      <item value="server port" />
      <item value="f" />
      <item value="Indicator Removal on Host" />
      <item value="greenlet spawn" />
      <item value="weather" />
      <item value="webshell" />
      <item value="paw" />
      <item value="cleanup" />
      <item value="symbols" />
      <item value="System Discovery" />
      <item value="不必要的" />
      <item value="不必要的&#10;" />
      <item value="TRENT" />
      <item value="Unspecified" />
      <item value="exclude" />
    </histories>
    <option name="languageScores">
      <map>
        <entry key="CATALAN" value="1" />
        <entry key="CHINESE" value="131" />
        <entry key="DANISH" value="1" />
        <entry key="ENGLISH" value="123" />
        <entry key="ESTONIAN" value="1" />
        <entry key="FINNISH" value="1" />
        <entry key="INDONESIAN" value="1" />
        <entry key="LATIN" value="2" />
        <entry key="POLISH" value="1" />
        <entry key="TURKISH" value="1" />
      </map>
    </option>
  </component>
</application>