<profile version="1.0">
  <option name="myName" value="Default" />
  <inspection_tool class="PyAsyncCallInspection" enabled="false" level="WARNING" enabled_by_default="false" />
  <inspection_tool class="PyPackageRequirementsInspection" enabled="true" level="WARNING" enabled_by_default="true">
    <option name="ignoredPackages">
      <value>
        <list size="30">
          <item index="0" class="java.lang.String" itemvalue="asyncio" />
          <item index="1" class="java.lang.String" itemvalue="pyOpenSSL" />
          <item index="2" class="java.lang.String" itemvalue="texttable" />
          <item index="3" class="java.lang.String" itemvalue="netaddr" />
          <item index="4" class="java.lang.String" itemvalue="terminable_thread" />
          <item index="5" class="java.lang.String" itemvalue="numpy" />
          <item index="6" class="java.lang.String" itemvalue="ipaddr" />
          <item index="7" class="java.lang.String" itemvalue="flask" />
          <item index="8" class="java.lang.String" itemvalue="argparse" />
          <item index="9" class="java.lang.String" itemvalue="py3DNS" />
          <item index="10" class="java.lang.String" itemvalue="paramiko" />
          <item index="11" class="java.lang.String" itemvalue="requests" />
          <item index="12" class="java.lang.String" itemvalue="bs4" />
          <item index="13" class="java.lang.String" itemvalue="pyspf" />
          <item index="14" class="java.lang.String" itemvalue="six" />
          <item index="15" class="java.lang.String" itemvalue="pycurl" />
          <item index="16" class="java.lang.String" itemvalue="psycopg2" />
          <item index="17" class="java.lang.String" itemvalue="rule" />
          <item index="18" class="java.lang.String" itemvalue="mechanize" />
          <item index="19" class="java.lang.String" itemvalue="lockfile" />
          <item index="20" class="java.lang.String" itemvalue="canari" />
          <item index="21" class="java.lang.String" itemvalue="censys" />
          <item index="22" class="java.lang.String" itemvalue="PySocks" />
          <item index="23" class="java.lang.String" itemvalue="scapy" />
          <item index="24" class="java.lang.String" itemvalue="xmltodict" />
          <item index="25" class="java.lang.String" itemvalue="shodan" />
          <item index="26" class="java.lang.String" itemvalue="win_inet_pton" />
          <item index="27" class="java.lang.String" itemvalue="sphinx_rtd_theme" />
          <item index="28" class="java.lang.String" itemvalue="aiohttp_session" />
          <item index="29" class="java.lang.String" itemvalue="node_vm2" />
        </list>
      </value>
    </option>
  </inspection_tool>
</profile>