<application>
  <component name="LafManager">
    <laf themeId="com.github.catppuccin.macchiato.jetbrains" />
    <lafs-to-previous-schemes>
      <laf-to-scheme laf="Darcula" scheme="_@user_Darcula" />
      <laf-to-scheme laf="ExperimentalDark" scheme="_@user_Default" />
      <laf-to-scheme laf="[NEWUI] Gradianto Nature Green" scheme="_@user_Default" />
      <laf-to-scheme laf="d97839ff-2d08-4ff5-ae61-b075f351d8ac" scheme="_@user_Default" />
    </lafs-to-previous-schemes>
  </component>
</application>