<application>
  <component name="ProjectManager">
    <defaultProject>
      <component name="PropertiesComponent"><![CDATA[{
  "keyToString": {
    "settings.editor.selected.configurable": "cn.yiiguxing.plugin.translate"
  }
}]]></component>
      <component name="TaskManager">
        <task active="true" id="Default" summary="Default task">
          <created>1704963674760</created>
          <option name="number" value="Default" />
          <option name="presentableId" value="Default" />
          <updated>1704963674760</updated>
        </task>
        <servers />
      </component>
      <component name="WindowStateProjectService">
        <state x="938" y="570" width="1462" height="1098" key="SettingsEditor" timestamp="1707322565702">
          <screen x="0" y="40" width="2880" height="1760" />
        </state>
        <state x="938" y="570" width="1350" height="1098" key="SettingsEditor/0.40.2880.1760" timestamp="1707322565702" />
        <state x="1251" y="679" width="1462" height="1098" key="SettingsEditor/0.40.3840.2120" timestamp="1706665211125" />
      </component>
    </defaultProject>
  </component>
</application>