<application>
  <component name="Translation.Cache">
    <option name="lastTrimTime" value="1710992019943" />
  </component>
  <component name="Translation.Settings">
    <option name="primaryLanguage" value="CHINESE" />
    <option name="translator" value="YOUDAO" />
    <option name="youdaoTranslateSettings">
      <youdao-translate>
        <option name="appId" value="3408ba8d53015094" />
      </youdao-translate>
    </option>
  </component>
  <component name="Translation.States">
    <histories>
      <item value="status" />
      <item value="matrix" />
      <item value="count running tasks" />
      <item value="cancel" />
      <item value="canceled" />
      <item value="scan task" />
      <item value="extra" />
      <item value="server port" />
      <item value="f" />
      <item value="Indicator Removal on Host" />
      <item value="greenlet spawn" />
      <item value="weather" />
      <item value="webshell" />
      <item value="paw" />
      <item value="cleanup" />
      <item value="symbols" />
      <item value="System Discovery" />
      <item value="不必要的" />
      <item value="不必要的&#10;" />
      <item value="TRENT" />
      <item value="Unspecified" />
      <item value="exclude" />
      <item value="latter" />
      <item value="获取会话超时" />
      <item value="获取会话" />
      <item value="获取" />
      <item value="获取连" />
      <item value="获取连接" />
      <item value="Timeout for getting reverse shell session" />
      <item value="Call by" />
      <item value="listener" />
      <item value="Receive" />
      <item value="records" />
      <item value="dispatch" />
      <item value="proc" />
      <item value="scheme" />
      <item value="blah" />
      <item value="test persist" />
      <item value="register" />
      <item value="unhealth" />
      <item value="ready" />
      <item value="Loading exploiter success" />
      <item value="Loading" />
      <item value="policies" />
      <item value="logic" />
      <item value="policy" />
      <item value="匹配到指纹" />
      <item value="匹配到&#10;指纹" />
      <item value="指纹" />
      <item value="指纹匹配" />
    </histories>
    <option name="languageScores">
      <map>
        <entry key="CHINESE" value="106" />
        <entry key="DANISH" value="1" />
        <entry key="ENGLISH" value="100" />
        <entry key="ESTONIAN" value="1" />
        <entry key="FINNISH" value="1" />
        <entry key="INDONESIAN" value="1" />
        <entry key="LATIN" value="1" />
        <entry key="POLISH" value="1" />
        <entry key="TURKISH" value="1" />
      </map>
    </option>
  </component>
</application>