<application>
  <component name="Translation.Cache">
    <option name="lastTrimTime" value="1713251925170" />
  </component>
  <component name="Translation.Settings">
    <option name="primaryLanguage" value="CHINESE" />
    <option name="translator" value="YOUDAO" />
    <option name="youdaoTranslateSettings">
      <youdao-translate>
        <option name="appId" value="3408ba8d53015094" />
      </youdao-translate>
    </option>
  </component>
  <component name="Translation.States">
    <histories>
      <item value="gather" />
      <item value="params" />
      <item value="test buildin" />
      <item value="translation failed" />
      <item value="Technology" />
      <item value="trans" />
      <item value="translater" />
      <item value="top ports" />
      <item value="reverse" />
      <item value="reverse shell" />
      <item value="absolute" />
      <item value="colorize" />
      <item value="threads" />
      <item value="Shellcode" />
      <item value="Target Discovery" />
      <item value="catch" />
      <item value="blocking" />
      <item value="cancelled" />
      <item value="cancelled by user" />
      <item value="status" />
      <item value="matrix" />
      <item value="count running tasks" />
      <item value="cancel" />
      <item value="canceled" />
      <item value="scan task" />
      <item value="extra" />
      <item value="server port" />
      <item value="f" />
      <item value="Indicator Removal on Host" />
      <item value="greenlet spawn" />
      <item value="weather" />
      <item value="webshell" />
      <item value="paw" />
      <item value="cleanup" />
      <item value="symbols" />
      <item value="System Discovery" />
      <item value="不必要的" />
      <item value="不必要的&#10;" />
      <item value="TRENT" />
      <item value="Unspecified" />
      <item value="exclude" />
      <item value="latter" />
      <item value="获取会话超时" />
      <item value="获取会话" />
      <item value="获取" />
      <item value="获取连" />
      <item value="获取连接" />
      <item value="Timeout for getting reverse shell session" />
      <item value="Call by" />
      <item value="listener" />
    </histories>
    <option name="languageScores">
      <map>
        <entry key="CHINESE" value="125" />
        <entry key="DANISH" value="1" />
        <entry key="ENGLISH" value="119" />
        <entry key="ESTONIAN" value="1" />
        <entry key="FINNISH" value="1" />
        <entry key="INDONESIAN" value="1" />
        <entry key="LATIN" value="1" />
        <entry key="POLISH" value="1" />
        <entry key="TURKISH" value="1" />
      </map>
    </option>
  </component>
</application>